曼谷,Thailand,191
香港,Hong Kong China,38
伦敦,United Kingdom,309
首尔,South Korea,234
京都,Japan,430
巴黎,France,308
吉隆坡,Malaysia,45
巴厘岛,Indonesia,438
迪拜,United Arab Emirates,1062
伊斯坦布尔,Türkiye,258
普吉岛,Thailand,364
上海,China,2
东京,Japan,294
大阪,Japan,293
罗马,Italy,303
澳门,Macau China,39
新加坡,Singapore,53
台北,China,360
深圳,China,26
福冈,Japan,576
北京,China,1
釜山,South Korea,432
胡志明市,Vietnam,434
广州,China,152
札幌,Japan,1878
雅加达,Indonesia,435
台中,Taiwan China,1369
纽约,United States,248
高雄,Taiwan China,756
清迈,Thailand,209
珠海,China,27
悉尼,Australia,236
阿姆斯特丹,Netherlands,299
洛杉矶,United States,120518
岘港,Vietnam,669
名古屋,Japan,2127
巴塞罗那,Spain,381
宿务,Philippines,534
新北,Taiwan China,2063
横滨,Japan,2126
台南,Taiwan China,757
宜兰,Taiwan China,1383
马六甲中央,Malaysia,42
花莲,Taiwan China,1366
那霸,Japan,57429
马尼拉,Philippines,367
里约热内卢,Brazil,932
河内,Vietnam,181
神户,Japan,57024
威尼斯,Italy,340
柏林,Germany,306
墨尔本,Australia,312
芽庄,Vietnam,670
桃园,Taiwan China,1439
甲米,Thailand,616
惠州,China,213
米兰,Italy,304
仙台,Japan,1535
里斯本,Portugal,574
火奴鲁鲁,United States,2060
那不勒斯,Italy,747
杭州,China,14
东莞,China,212
厦门,China,21
德里,India,24685
马德里,Spain,378
开罗,Egypt,326
佛罗伦萨,Italy,341
爱丁堡,United Kingdom,389
